[
  {
    "學年": 103,
    "學期": 1,
    "選課號碼": "0323",
    "開課系所": "通識中心",
    "選課系所": "全校共同",
    "必選修別": "必",
    "學群": "歷史學群",
    "課程分類": "人文領域",
    "課程名稱": "臺灣歷史導論",
    "畢業學分": 2,
    "成績": 88,
    "承認別": 1,
    "所屬項目": "通識-人文領域"
  },
  {
    "學年": 103,
    "學期": 1,
    "選課號碼": "0439",
    "開課系所": "通識中心",
    "選課系所": "全校共同",
    "必選修別": "必",
    "學群": "法律與政治學群",
    "課程分類": "社會科學領域",
    "課程名稱": "科技與法律",
    "畢業學分": 3,
    "成績": 93,
    "承認別": 1,
    "所屬項目": "通識-社會科學領域"
  },
  {
    "學年": 103,
    "學期": 1,
    "選課號碼": "0445",
    "開課系所": "通識中心",
    "選課系所": "全校共同",
    "必選修別": "必",
    "學群": "法律與政治學群",
    "課程分類": "社會科學領域",
    "課程名稱": "流行文化與國際關係",
    "畢業學分": 2,
    "成績": 89,
    "承認別": 1,
    "所屬項目": "通識-社會科學領域"
  },
  {
    "學年": 103,
    "學期": 1,
    "選課號碼": "0934",
    "開課系所": "語言中心",
    "選課系所": "全校共同",
    "必選修別": "必",
    "學群": "",
    "課程分類": "大一英文",
    "課程名稱": "大一英文",
    "畢業學分": 3,
    "成績": 69,
    "承認別": 1,
    "所屬項目": "大一英文"
  },
  {
    "學年": 103,
    "學期": 1,
    "選課號碼": "1029",
    "開課系所": "學務處",
    "選課系所": "資工系",
    "必選修別": "必",
    "學群": "",
    "課程分類": "服務學習",
    "課程名稱": "服務學習(一)：勞作教育",
    "畢業學分": 0,
    "成績": 90,
    "承認別": 1,
    "所屬項目": "服務學習"
  },
  {
    "學年": 103,
    "學期": 1,
    "選課號碼": "1226",
    "開課系所": "應數系",
    "選課系所": "資工系",
    "必選修別": "必",
    "學群": "",
    "課程分類": "",
    "課程名稱": "微積分(一)",
    "畢業學分": 3,
    "成績": 45,
    "承認別": 1,
    "所屬項目": "本系專業必修課程"
  },
  {
    "學年": 103,
    "學期": 1,
    "選課號碼": "1245",
    "開課系所": "物理系",
    "選課系所": "資工系",
    "必選修別": "必",
    "學群": "",
    "課程分類": "",
    "課程名稱": "普通物理學實驗",
    "畢業學分": 1,
    "成績": 67,
    "承認別": 1,
    "所屬項目": "本系專業必修課程"
  },
  {
    "學年": 103,
    "學期": 1,
    "選課號碼": "1255",
    "開課系所": "物理系",
    "選課系所": "資工系",
    "必選修別": "必",
    "學群": "",
    "課程分類": "",
    "課程名稱": "普通物理學",
    "畢業學分": 3,
    "成績": 55,
    "承認別": 1,
    "所屬項目": "本系專業必修課程"
  },
  {
    "學年": 103,
    "學期": 1,
    "選課號碼": "1279",
    "開課系所": "資工系",
    "選課系所": "資工系",
    "必選修別": "必",
    "學群": "",
    "課程分類": "",
    "課程名稱": "計算機程式設計",
    "畢業學分": 3,
    "成績": 92,
    "承認別": 1,
    "所屬項目": "本系專業必修課程"
  },
  {
    "學年": 103,
    "學期": 1,
    "選課號碼": "1280",
    "開課系所": "資工系",
    "選課系所": "資工系",
    "必選修別": "必",
    "學群": "",
    "課程分類": "",
    "課程名稱": "離散數學",
    "畢業學分": 3,
    "成績": 63,
    "承認別": 1,
    "所屬項目": "本系專業必修課程"
  },
  {
    "學年": 103,
    "學期": 1,
    "選課號碼": "1281",
    "開課系所": "資工系",
    "選課系所": "資工系",
    "必選修別": "必",
    "學群": "",
    "課程分類": "",
    "課程名稱": "計算機導論",
    "畢業學分": 3,
    "成績": 70,
    "承認別": 1,
    "所屬項目": "本系專業必修課程"
  },
  {
    "學年": 103,
    "學期": 1,
    "選課號碼": "1608",
    "開課系所": "應數系",
    "選課系所": "全校共同",
    "必選修別": "必",
    "學群": "",
    "課程分類": "暑修課程(第一類)",
    "課程名稱": "微積分(一)",
    "畢業學分": 3,
    "成績": 77,
    "承認別": 4,
    "所屬項目": "本系專業必修課程"
  },
  {
    "學年": 103,
    "學期": 1,
    "選課號碼": "1724",
    "開課系所": "通識中心",
    "選課系所": "全校共同",
    "必選修別": "必",
    "學群": "",
    "課程分類": "大學國文",
    "課程名稱": "大學國文",
    "畢業學分": 2,
    "成績": 93,
    "承認別": 1,
    "所屬項目": "大學國文"
  },
  {
    "學年": 103,
    "學期": 1,
    "選課號碼": "9996",
    "開課系所": "語言中心",
    "選課系所": "全校共同",
    "必選修別": "必",
    "學群": "",
    "課程分類": "全校英外語",
    "課程名稱": "英文能力檢定及輔導",
    "畢業學分": 0,
    "成績": 0,
    "承認別": 1,
    "所屬項目": "英文畢業門檻"
  },
  {
    "學年": 103,
    "學期": 2,
    "選課號碼": "0515",
    "開課系所": "通識中心",
    "選課系所": "全校共同",
    "必選修別": "必",
    "學群": "生命科學學群",
    "課程分類": "自然科學領域",
    "課程名稱": "生命的動力與延續",
    "畢業學分": 2,
    "成績": 76,
    "承認別": 1,
    "所屬項目": "通識-自然科學領域"
  },
  {
    "學年": 103,
    "學期": 2,
    "選課號碼": "0934",
    "開課系所": "語言中心",
    "選課系所": "全校共同",
    "必選修別": "必",
    "學群": "",
    "課程分類": "大一英文",
    "課程名稱": "大一英文",
    "畢業學分": 3,
    "成績": 70,
    "承認別": 1,
    "所屬項目": "大一英文"
  },
  {
    "學年": 103,
    "學期": 2,
    "選課號碼": "1037",
    "開課系所": "學務處",
    "選課系所": "資工系",
    "必選修別": "必",
    "學群": "",
    "課程分類": "服務學習",
    "課程名稱": "服務學習(二)：勞作教育",
    "畢業學分": 0,
    "成績": 90,
    "承認別": 1,
    "所屬項目": "服務學習"
  },
  {
    "學年": 103,
    "學期": 2,
    "選課號碼": "1260",
    "開課系所": "應數系",
    "選課系所": "資工系",
    "必選修別": "必",
    "學群": "",
    "課程分類": "",
    "課程名稱": "微積分(二)",
    "畢業學分": 3,
    "成績": 10,
    "承認別": 1,
    "所屬項目": "本系專業必修課程"
  },
  {
    "學年": 103,
    "學期": 2,
    "選課號碼": "1268",
    "開課系所": "物理系",
    "選課系所": "資工系",
    "必選修別": "必",
    "學群": "",
    "課程分類": "",
    "課程名稱": "普通物理學實驗",
    "畢業學分": 1,
    "成績": 80,
    "承認別": 1,
    "所屬項目": "本系專業必修課程"
  },
  {
    "學年": 103,
    "學期": 2,
    "選課號碼": "1285",
    "開課系所": "物理系",
    "選課系所": "資工系",
    "必選修別": "必",
    "學群": "",
    "課程分類": "",
    "課程名稱": "普通物理學",
    "畢業學分": 3,
    "成績": 72,
    "承認別": 1,
    "所屬項目": "本系專業必修課程"
  },
  {
    "學年": 103,
    "學期": 2,
    "選課號碼": "1301",
    "開課系所": "資工系",
    "選課系所": "資工系",
    "必選修別": "必",
    "學群": "",
    "課程分類": "",
    "課程名稱": "機率",
    "畢業學分": 3,
    "成績": 76,
    "承認別": 1,
    "所屬項目": "本系專業必修課程"
  },
  {
    "學年": 103,
    "學期": 2,
    "選課號碼": "1302",
    "開課系所": "資工系",
    "選課系所": "資工系",
    "必選修別": "必",
    "學群": "",
    "課程分類": "",
    "課程名稱": "物件導向程式設計",
    "畢業學分": 3,
    "成績": 70,
    "承認別": 1,
    "所屬項目": "本系專業必修課程"
  },
  {
    "學年": 103,
    "學期": 2,
    "選課號碼": "1607",
    "開課系所": "應數系",
    "選課系所": "全校共同",
    "必選修別": "必",
    "學群": "",
    "課程分類": "暑修課程(第一類)",
    "課程名稱": "微積分(二)",
    "畢業學分": 3,
    "成績": 71,
    "承認別": 4,
    "所屬項目": "本系專業必修課程"
  },
  {
    "學年": 103,
    "學期": 2,
    "選課號碼": "1724",
    "開課系所": "通識中心",
    "選課系所": "全校共同",
    "必選修別": "必",
    "學群": "",
    "課程分類": "大學國文",
    "課程名稱": "大學國文",
    "畢業學分": 2,
    "成績": 88,
    "承認別": 1,
    "所屬項目": "大學國文"
  },
  {
    "學年": 104,
    "學期": 1,
    "選課號碼": "0437",
    "開課系所": "通識中心",
    "選課系所": "全校共同",
    "必選修別": "必",
    "學群": "法律與政治學群",
    "課程分類": "社會科學領域",
    "課程名稱": "日本與亞太區域發展",
    "畢業學分": 3,
    "成績": 80,
    "承認別": 1,
    "所屬項目": "通識-社會科學領域"
  },
  {
    "學年": 104,
    "學期": 1,
    "選課號碼": "2291",
    "開課系所": "資工系",
    "選課系所": "資工系",
    "必選修別": "選",
    "學群": "",
    "課程分類": "",
    "課程名稱": "Unix系統與Script程式設計",
    "畢業學分": 3,
    "成績": 72,
    "承認別": 1,
    "所屬項目": "本系選修課程"
  },
  {
    "學年": 104,
    "學期": 1,
    "選課號碼": "2292",
    "開課系所": "資工系",
    "選課系所": "資工系",
    "必選修別": "必",
    "學群": "",
    "課程分類": "",
    "課程名稱": "線性代數",
    "畢業學分": 3,
    "成績": 31,
    "承認別": 1,
    "所屬項目": "本系專業必修課程"
  },
  {
    "學年": 104,
    "學期": 1,
    "選課號碼": "2293",
    "開課系所": "資工系",
    "選課系所": "資工系",
    "必選修別": "必",
    "學群": "",
    "課程分類": "",
    "課程名稱": "邏輯設計",
    "畢業學分": 3,
    "成績": 69,
    "承認別": 1,
    "所屬項目": "本系專業必修課程"
  },
  {
    "學年": 104,
    "學期": 1,
    "選課號碼": "2294",
    "開課系所": "資工系",
    "選課系所": "資工系",
    "必選修別": "必",
    "學群": "",
    "課程分類": "",
    "課程名稱": "資料結構",
    "畢業學分": 3,
    "成績": 66,
    "承認別": 1,
    "所屬項目": "本系專業必修課程"
  },
  {
    "學年": 104,
    "學期": 1,
    "選課號碼": "2295",
    "開課系所": "資工系",
    "選課系所": "資工系",
    "必選修別": "選",
    "學群": "",
    "課程分類": "",
    "課程名稱": "正規語言",
    "畢業學分": 3,
    "成績": 62,
    "承認別": 1,
    "所屬項目": "本系選修課程"
  },
  {
    "學年": 104,
    "學期": 2,
    "選課號碼": "0377",
    "開課系所": "通識中心",
    "選課系所": "全校共同",
    "必選修別": "必",
    "學群": "文化學群",
    "課程分類": "人文領域",
    "課程名稱": "日本文化",
    "畢業學分": 2,
    "成績": 85,
    "承認別": 1,
    "所屬項目": "通識-人文領域"
  },
  {
    "學年": 104,
    "學期": 2,
    "選課號碼": "0532",
    "開課系所": "通識中心",
    "選課系所": "全校共同",
    "必選修別": "必",
    "學群": "物質科學學群",
    "課程分類": "自然科學領域",
    "課程名稱": "現代生活中的科技與物理",
    "畢業學分": 2,
    "成績": 96,
    "承認別": 1,
    "所屬項目": "通識-自然科學領域"
  },
  {
    "學年": 104,
    "學期": 2,
    "選課號碼": "2331",
    "開課系所": "資工系",
    "選課系所": "資工系",
    "必選修別": "選",
    "學群": "",
    "課程分類": "",
    "課程名稱": "動態網頁程式設計",
    "畢業學分": 3,
    "成績": 88,
    "承認別": 1,
    "所屬項目": "本系選修課程"
  },
  {
    "學年": 104,
    "學期": 2,
    "選課號碼": "2347",
    "開課系所": "資工系",
    "選課系所": "資工系",
    "必選修別": "必",
    "學群": "",
    "課程分類": "",
    "課程名稱": "演算法",
    "畢業學分": 3,
    "成績": 51,
    "承認別": 1,
    "所屬項目": "本系專業必修課程"
  },
  {
    "學年": 104,
    "學期": 2,
    "選課號碼": "2348",
    "開課系所": "資工系",
    "選課系所": "資工系",
    "必選修別": "必",
    "學群": "",
    "課程分類": "",
    "課程名稱": "計算機網路",
    "畢業學分": 3,
    "成績": 73,
    "承認別": 1,
    "所屬項目": "本系專業必修課程"
  },
  {
    "學年": 104,
    "學期": 2,
    "選課號碼": "2349",
    "開課系所": "資工系",
    "選課系所": "資工系",
    "必選修別": "必",
    "學群": "",
    "課程分類": "",
    "課程名稱": "電子電路學",
    "畢業學分": 3,
    "成績": 79,
    "承認別": 1,
    "所屬項目": "本系專業必修課程"
  },
  {
    "學年": 104,
    "學期": 2,
    "選課號碼": "2351",
    "開課系所": "資工系",
    "選課系所": "資工系",
    "必選修別": "必",
    "學群": "",
    "課程分類": "",
    "課程名稱": "組合語言與系統程式",
    "畢業學分": 3,
    "成績": 68,
    "承認別": 1,
    "所屬項目": "本系專業必修課程"
  },
  {
    "學年": 104,
    "學期": 2,
    "選課號碼": "2352",
    "開課系所": "資工系",
    "選課系所": "資工系",
    "必選修別": "必",
    "學群": "",
    "課程分類": "",
    "課程名稱": "邏輯設計實驗",
    "畢業學分": 1,
    "成績": 93,
    "承認別": 1,
    "所屬項目": "本系專業必修課程"
  },
  {
    "學年": 105,
    "學期": 1,
    "選課號碼": "0389",
    "開課系所": "通識中心",
    "選課系所": "全校共同",
    "必選修別": "必",
    "學群": "文化學群",
    "課程分類": "人文領域",
    "課程名稱": "日本漫畫文化論",
    "畢業學分": 2,
    "成績": 92,
    "承認別": 1,
    "所屬項目": "通識-人文領域"
  },
  {
    "學年": 105,
    "學期": 1,
    "選課號碼": "0403",
    "開課系所": "通識中心",
    "選課系所": "全校共同",
    "必選修別": "必",
    "學群": "公民與社會學群",
    "課程分類": "社會科學領域",
    "課程名稱": "資訊科技與社會",
    "畢業學分": 2,
    "成績": 76,
    "承認別": 1,
    "所屬項目": "通識-社會科學領域"
  },
  {
    "學年": 105,
    "學期": 1,
    "選課號碼": "1257",
    "開課系所": "物理系",
    "選課系所": "化工系",
    "必選修別": "必",
    "學群": "",
    "課程分類": "",
    "課程名稱": "普通物理學",
    "畢業學分": 3,
    "成績": 60,
    "承認別": 1,
    "所屬項目": "外系學分數"
  },
  {
    "學年": 105,
    "學期": 1,
    "選課號碼": "2292",
    "開課系所": "資工系",
    "選課系所": "資工系",
    "必選修別": "必",
    "學群": "",
    "課程分類": "",
    "課程名稱": "線性代數",
    "畢業學分": 3,
    "成績": 74,
    "承認別": 1,
    "所屬項目": "本系專業必修課程"
  },
  {
    "學年": 105,
    "學期": 1,
    "選課號碼": "3087",
    "開課系所": "資管系",
    "選課系所": "資管系",
    "必選修別": "選",
    "學群": "",
    "課程分類": "",
    "課程名稱": "資訊安全導論",
    "畢業學分": 3,
    "成績": 63,
    "承認別": 1,
    "所屬項目": "外系學分數"
  },
  {
    "學年": 105,
    "學期": 1,
    "選課號碼": "3337",
    "開課系所": "資工系",
    "選課系所": "資工系",
    "必選修別": "選",
    "學群": "",
    "課程分類": "",
    "課程名稱": "無線網路概論",
    "畢業學分": 3,
    "成績": 74,
    "承認別": 1,
    "所屬項目": "本系選修課程"
  },
  {
    "學年": 105,
    "學期": 1,
    "選課號碼": "3338",
    "開課系所": "資工系",
    "選課系所": "資工系",
    "必選修別": "必",
    "學群": "",
    "課程分類": "",
    "課程名稱": "作業系統",
    "畢業學分": 3,
    "成績": 63,
    "承認別": 1,
    "所屬項目": "本系專業必修課程"
  },
  {
    "學年": 105,
    "學期": 1,
    "選課號碼": "3342",
    "開課系所": "資工系",
    "選課系所": "資工系",
    "必選修別": "必",
    "學群": "",
    "課程分類": "",
    "課程名稱": "作業系統實驗",
    "畢業學分": 1,
    "成績": 75,
    "承認別": 1,
    "所屬項目": "本系專業必修課程"
  },
  {
    "學年": 105,
    "學期": 1,
    "選課號碼": "3345",
    "開課系所": "資工系",
    "選課系所": "資工系",
    "必選修別": "必",
    "學群": "",
    "課程分類": "",
    "課程名稱": "資訊專題(一)",
    "畢業學分": 2,
    "成績": 88,
    "承認別": 1,
    "所屬項目": "本系專業必修課程"
  },
  {
    "學年": 105,
    "學期": 2,
    "選課號碼": "2347",
    "開課系所": "資工系",
    "選課系所": "資工系",
    "必選修別": "必",
    "學群": "",
    "課程分類": "",
    "課程名稱": "演算法",
    "畢業學分": 3,
    "成績": 0,
    "承認別": 1,
    "所屬項目": "本系專業必修課程"
  },
  {
    "學年": 105,
    "學期": 2,
    "選課號碼": "3105",
    "開課系所": "資工系",
    "選課系所": "資工系",
    "必選修別": "選",
    "學群": "",
    "課程分類": "",
    "課程名稱": "Python程式設計",
    "畢業學分": 3,
    "成績": 0,
    "承認別": 1,
    "所屬項目": "本系選修課程"
  },
  {
    "學年": 105,
    "學期": 2,
    "選課號碼": "3117",
    "開課系所": "資工系",
    "選課系所": "資工系",
    "必選修別": "選",
    "學群": "",
    "課程分類": "",
    "課程名稱": "編譯器",
    "畢業學分": 3,
    "成績": 0,
    "承認別": 1,
    "所屬項目": "本系選修課程"
  },
  {
    "學年": 105,
    "學期": 2,
    "選課號碼": "3198",
    "開課系所": "資工系",
    "選課系所": "資工系",
    "必選修別": "選",
    "學群": "",
    "課程分類": "",
    "課程名稱": "智慧型手機應用程式開發",
    "畢業學分": 3,
    "成績": 0,
    "承認別": 1,
    "所屬項目": "本系選修課程"
  },
  {
    "學年": 105,
    "學期": 2,
    "選課號碼": "3359",
    "開課系所": "資工系",
    "選課系所": "資工系",
    "必選修別": "必",
    "學群": "",
    "課程分類": "",
    "課程名稱": "計算機組織",
    "畢業學分": 3,
    "成績": 0,
    "承認別": 1,
    "所屬項目": "本系專業必修課程"
  },
  {
    "學年": 105,
    "學期": 2,
    "選課號碼": "3360",
    "開課系所": "資工系",
    "選課系所": "資工系",
    "必選修別": "必",
    "學群": "",
    "課程分類": "",
    "課程名稱": "資料庫管理系統導論",
    "畢業學分": 3,
    "成績": 0,
    "承認別": 1,
    "所屬項目": "本系專業必修課程"
  },
  {
    "學年": 105,
    "學期": 2,
    "選課號碼": "3365",
    "開課系所": "資工系",
    "選課系所": "資工系",
    "必選修別": "必",
    "學群": "",
    "課程分類": "",
    "課程名稱": "資訊專題(二)",
    "畢業學分": 2,
    "成績": 0,
    "承認別": 1,
    "所屬項目": "本系專業必修課程"
  },
  {
    "學年": 105,
    "學期": 2,
    "選課號碼": "4117",
    "開課系所": "資工系",
    "選課系所": "資工系",
    "必選修別": "選",
    "學群": "",
    "課程分類": "",
    "課程名稱": "資料挖掘與機器學習導論",
    "畢業學分": 3,
    "成績": 0,
    "承認別": 1,
    "所屬項目": "本系選修課程"
  }
]